timestamp,typing_speed,pause_time,mouse_speed,click_rate,idle_time,app_switch_freq,error_rate,cursor_velocity,movement_smoothness,label
2026-05-16T21:30:13.228139,0.4749,8.7237,42.5352,0.0819,27.3881,1.7393,0.3369,4.4099,0.4205,Low
2026-05-16T21:30:13.229661,0.5647,8.3086,44.4803,0.0,26.4252,3.2876,0.3233,0.0,0.3874,Low
2026-05-16T21:30:13.225529,1.0184,4.6785,29.0348,0.0439,8.8337,3.7096,0.1776,34.1383,0.2958,Low
2026-05-16T21:30:13.225432,0.3469,7.6288,28.0696,0.0026,16.8008,3.3232,0.2455,45.475,0.2696,Low
2026-05-16T21:30:13.222481,3.8415,1.7575,116.0286,0.3477,9.2125,1.894,0.0672,318.9649,0.5863,Medium
2026-05-16T21:30:13.226421,0.6438,15.0472,18.5187,0.0333,19.495,3.475,0.2764,78.5229,0.1,Low
2026-05-16T21:30:13.218255,5.4107,0.9125,258.3361,0.3906,0.746,0.4158,0.0,290.166,0.7709,High
2026-05-16T21:30:13.220277,1.3061,2.6429,271.276,0.4678,6.5951,1.8506,0.0119,116.5861,0.5555,Medium
2026-05-16T21:30:13.226696,0.1884,8.6097,26.271,0.0574,32.073,3.7267,0.3009,27.0907,0.1719,Low
2026-05-16T21:30:13.222755,3.7469,2.438,216.6014,0.156,0.7403,0.8529,0.2138,138.0806,0.6208,Medium
2026-05-16T21:30:13.217336,3.9958,0.6873,142.444,0.2622,0.4959,0.2697,0.049,323.4215,0.974,High
2026-05-16T21:30:13.221571,1.7415,2.2696,85.3037,0.3068,7.5881,0.2077,0.0642,40.2777,0.572,Medium
2026-05-16T21:30:13.228352,0.8713,6.5104,5.3952,0.0607,13.4117,2.3781,0.3825,64.8135,0.369,Low
2026-05-16T21:30:13.226794,0.4921,7.6782,76.6085,0.0069,13.8998,4.2436,0.1904,67.016,0.5539,Low
2026-05-16T21:30:13.220852,1.9868,2.2714,80.3955,0.0,4.5224,3.1888,0.1671,158.4592,0.6185,Medium
2026-05-16T21:30:13.219685,5.5456,0.2616,260.1104,0.6908,0.4997,0.2967,0.0654,317.9582,0.8781,High
2026-05-16T21:30:13.225792,0.1663,14.5523,57.1152,0.0268,15.1089,2.8885,0.226,73.505,0.3724,Low
2026-05-16T21:30:13.224738,3.4584,2.5517,166.0352,0.3289,5.5608,2.1328,0.1022,264.9587,0.6885,Medium
2026-05-16T21:30:13.228235,0.3097,5.5217,19.3896,0.0,19.393,0.9784,0.2691,38.9101,0.3676,Low
2026-05-16T21:30:13.223522,2.889,2.7515,136.4012,0.1093,7.6218,2.6588,0.091,111.0266,0.7089,Medium
2026-05-16T21:30:13.229567,0.858,3.104,12.8516,0.0,17.8012,2.9445,0.2614,41.8565,0.2387,Low
2026-05-16T21:30:13.225457,0.9687,4.4715,54.6268,0.0973,23.8473,2.757,0.1972,71.0826,0.1792,Low
2026-05-16T21:30:13.223019,2.7522,2.3838,165.0299,0.3894,7.4636,2.1084,0.0927,88.8607,0.7646,Medium
2026-05-16T21:30:13.226817,0.3393,10.0441,5.3892,0.0802,21.5954,3.5676,0.1854,0.0,0.4104,Low
2026-05-16T21:30:13.221879,2.1687,1.8878,74.0395,0.101,12.3727,2.3713,0.0389,54.2034,0.7078,Medium
2026-05-16T21:30:13.225304,0.301,5.654,17.2089,0.0,23.7723,0.8026,0.1272,0.0,0.3397,Low
2026-05-16T21:30:13.229233,0.8832,13.4228,55.1847,0.0078,17.9444,3.3694,0.4568,0.0,0.4943,Low
2026-05-16T21:30:13.223354,1.7906,2.2115,95.1373,0.4082,2.8581,1.1111,0.1323,63.828,0.6025,Medium
2026-05-16T21:30:13.220734,3.4654,3.7361,156.206,0.2237,3.4559,1.2787,0.1569,256.3108,0.6333,Medium
2026-05-16T21:30:13.216537,2.5062,0.7736,153.1187,0.3022,1.5474,0.2419,0.0385,400.6293,0.8038,High
2026-05-16T21:30:13.222802,2.7168,1.4027,108.7793,0.0995,3.4803,1.1226,0.0871,226.6667,0.5174,Medium
2026-05-16T21:30:13.220999,2.9664,3.4873,144.6834,0.1616,5.3794,0.9154,0.2454,31.3871,0.6722,Medium
2026-05-16T21:30:13.222514,2.1649,2.8423,258.7912,0.3025,6.0372,1.8243,0.1226,204.6512,0.3465,Medium
2026-05-16T21:30:13.221285,1.3512,3.1663,182.3814,0.0,3.3061,2.3359,0.0611,122.8477,0.7054,Medium
2026-05-16T21:30:13.215345,4.8091,0.7702,96.4983,0.396,1.5602,1.239,0.0442,330.1547,0.8472,High
2026-05-16T21:30:13.224130,4.2964,3.2061,133.0123,0.0768,8.075,0.8247,0.2177,137.2492,0.8409,Medium
2026-05-16T21:30:13.223498,2.8614,1.2069,190.0673,0.2541,0.5,0.6868,0.103,135.9312,0.5049,Medium
2026-05-16T21:30:13.226959,0.5792,6.1776,27.8691,0.0225,8.5386,3.175,0.3085,55.4465,0.4484,Low
2026-05-16T21:30:13.225913,0.0,7.0391,89.3013,0.0644,13.0921,2.9626,0.2518,54.1789,0.186,Low
2026-05-16T21:30:13.215595,2.6822,0.6214,318.5119,0.4321,0.2543,0.552,0.0616,211.6143,0.8623,High
2026-05-16T21:30:13.218446,3.802,0.3941,198.0578,0.2164,1.5341,0.269,0.057,144.4104,0.8765,High
2026-05-16T21:30:13.225694,0.4633,7.7377,56.4496,0.088,19.5247,5.2266,0.2724,29.6072,0.1566,Low
2026-05-16T21:30:13.217240,4.8259,0.2893,163.5155,0.558,1.4604,0.7045,0.0508,302.9756,0.9251,High
2026-05-16T21:30:13.225404,0.0,9.9649,64.324,0.0102,23.3615,1.9722,0.2598,2.065,0.1348,Low
2026-05-16T21:30:13.221238,2.6989,2.9367,178.3006,0.3483,2.3224,1.9762,0.1916,20,0.6884,Medium
2026-05-16T21:30:13.218652,3.4218,0.8113,249.2705,0.5629,1.9747,0.4925,0.0745,439.0208,0.8946,High
2026-05-16T21:30:13.218302,5.1601,0.4127,258.43,0.1999,0.8986,0.5959,0.0022,344.0475,0.8484,High
2026-05-16T21:30:13.223114,1.8914,1.971,76.041,0.3468,4.3529,1.7468,0.0858,20,0.6824,Medium
2026-05-16T21:30:13.222779,2.2002,4.4041,263.8171,0.4663,4.6024,1.7069,0.029,278.1548,0.5099,Medium
2026-05-16T21:30:13.222588,1.8684,2.7532,207.4241,0.196,6.1369,1.1385,0.1082,143.5312,0.5604,Medium
2026-05-16T21:30:13.225720,0.3949,6.9908,68.8091,0.0685,10.565,3.2067,0.3172,85.8409,0.4565,Low
2026-05-16T21:30:13.220976,1.3885,2.7465,184.8755,0.3368,8.9514,0.7894,0.0713,59.3938,0.6219,Medium
2026-05-16T21:30:13.225254,0.3207,5.9232,0.0,0.0541,36.3366,3.3328,0.2478,49.6625,0.3487,Low
2026-05-16T21:30:13.222337,1.9612,1.4914,20,0.242,1.088,1.5667,0.1042,214.3314,0.6138,Medium
2026-05-16T21:30:13.219545,6.975,0.373,251.9376,0.6118,1.4204,0.6357,0.0181,342.8307,0.835,High
2026-05-16T21:30:13.220419,3.0211,3.1452,188.8923,0.2107,4.5067,1.3941,0.1083,250.7016,0.7212,Medium
2026-05-16T21:30:13.225135,0.6696,8.1183,0.0,0.0,22.2481,0.5,0.3513,35.2554,0.7,Low
2026-05-16T21:30:13.222244,3.4413,1.4675,177.8549,0.4171,4.4549,0.9067,0.0809,72.8294,0.5558,Medium
2026-05-16T21:30:13.217123,3.5935,0.5554,137.4671,0.2615,0.1483,0.2072,0.0816,205.0601,1.0,High
2026-05-16T21:30:13.224419,1.695,2.1123,121.0469,0.1427,1.8622,1.4106,0.0864,20,0.8964,Medium
2026-05-16T21:30:13.222871,2.9584,0.5,109.0768,0.1963,2.7258,0.8444,0.0799,183.3754,0.6275,Medium
2026-05-16T21:30:13.228582,0.4116,8.2081,45.7779,0.1457,5.0,3.8199,0.2385,57.0032,0.2711,Low
2026-05-16T21:30:13.217967,5.8785,0.1041,221.0047,0.232,0.2053,0.8482,0.036,334.6504,0.8462,High
2026-05-16T21:30:13.224692,3.1871,3.9665,72.1894,0.1957,3.6714,0.4025,0.1408,360.9245,0.4292,Medium
2026-05-16T21:30:13.227367,0.5867,7.0899,33.434,0.0806,11.6785,5.3342,0.0679,22.07,0.3944,Low
2026-05-16T21:30:13.219638,6.4385,0.6711,347.3727,0.6282,2.4983,0.3705,0.0621,297.5804,0.7777,High
2026-05-16T21:30:13.216926,3.5666,0.3558,390.1816,0.5404,2.7716,0.7165,0.0161,247.548,0.8891,High
2026-05-16T21:30:13.224295,2.6955,2.4012,180.5183,0.0,6.7052,1.5883,0.1067,323.749,0.569,Medium
2026-05-16T21:30:13.217917,4.2928,1.1535,302.1858,0.1635,2.9765,0.914,0.0312,339.5804,0.8895,High
2026-05-16T21:30:13.227606,0.2331,5.8011,72.8821,0.067,7.6405,2.3528,0.2886,65.1329,0.2685,Low
2026-05-16T21:30:13.229184,0.0686,7.4741,51.9795,0.0644,24.0343,3.3492,0.1993,24.583,0.2061,Low
2026-05-16T21:30:13.228822,0.5165,11.1115,50.0332,0.1091,12.0513,3.1631,0.2584,7.9224,0.4648,Low
2026-05-16T21:30:13.228799,1.143,7.9383,48.6755,0.0028,18.2426,3.7314,0.0945,46.0254,0.3621,Low
2026-05-16T21:30:13.228535,0.3822,12.3583,85.8624,0.0468,11.9324,0.5,0.1028,0.0,0.5154,Low
2026-05-16T21:30:13.223258,3.5384,0.9807,20,0.1459,6.3794,2.3402,0.0922,127.0859,0.7885,Medium
2026-05-16T21:30:13.226347,0.2401,8.2525,40.3849,0.0692,17.8508,0.7964,0.2067,63.8146,0.3143,Low
2026-05-16T21:30:13.225648,0.7842,9.288,51.3892,0.0278,18.9595,5.0029,0.1557,88.4434,0.3114,Low
2026-05-16T21:30:13.220153,0.7515,3.8043,33.6256,0.3239,7.8168,0.7363,0.0954,71.5436,0.6242,Medium
2026-05-16T21:30:13.221308,3.2834,2.2485,108.1743,0.3707,9.3472,2.1852,0.1251,95.3387,0.5503,Medium
2026-05-16T21:30:13.220011,3.395,2.0169,160.2755,0.3935,7.2421,1.312,0.0665,20,0.5637,Medium
2026-05-16T21:30:13.219472,2.6242,1.1532,243.773,0.3729,4.6931,0.5896,0.0274,257.3642,0.9419,High
2026-05-16T21:30:13.215440,6.3599,0.4867,224.2351,0.522,0.2691,0.5682,0.0892,139.2517,0.8648,High
2026-05-16T21:30:13.217676,4.4014,1.2469,277.418,0.4685,2.0698,0.6343,0.0693,432.9153,0.8657,High
2026-05-16T21:30:13.228426,1.1138,11.3671,26.2071,0.0717,20.0252,4.476,0.3483,0.0,0.4205,Low
2026-05-16T21:30:13.228628,0.7931,4.1773,71.4545,0.0695,14.1261,2.8302,0.4098,62.0064,0.3511,Low
2026-05-16T21:30:13.217434,3.7647,0.6449,272.8692,0.4502,2.1585,1.1031,0.0447,220.1703,0.7397,High
2026-05-16T21:30:13.215174,4.457,1.4259,50,0.5233,1.587,0.4103,0.0528,101.2431,0.8324,High
2026-05-16T21:30:13.221905,3.0473,3.0489,132.1531,0.1849,5.8197,1.5601,0.0,141.616,0.5478,Medium
2026-05-16T21:30:13.227130,0.1487,8.2997,54.4223,0.1099,16.0403,2.4029,0.365,48.8973,0.5021,Low
2026-05-16T21:30:13.227153,0.6155,4.5287,0.0061,0.0,25.2964,4.4263,0.4349,65.2932,0.4895,Low
2026-05-16T21:30:13.222267,2.1295,1.0944,151.0933,0.3083,2.7306,2.5635,0.1506,242.4464,0.5711,Medium
2026-05-16T21:30:13.222710,3.4154,1.9505,141.8264,0.1237,9.3471,1.2751,0.23,225.1321,0.7078,Medium
2026-05-16T21:30:13.225330,0.4399,7.0199,8.7227,0.0031,23.715,2.3393,0.2816,13.4425,0.3717,Low
2026-05-16T21:30:13.216712,5.745,0.596,228.41,0.2532,1.0557,0.6132,0.0727,207.7835,0.9196,High
2026-05-16T21:30:13.226768,0.0,9.4841,51.5031,0.0336,28.0474,1.647,0.3628,44.6348,0.3096,Low
2026-05-16T21:30:13.226300,0.7476,12.9151,51.4393,0.0625,7.8487,0.5,0.2888,37.1553,0.2882,Low
2026-05-16T21:30:13.219926,2.6943,1.104,256.5952,0.1814,1.1908,0.2744,0.0596,434.045,0.7,High
2026-05-16T21:30:13.228018,0.0,8.8373,48.7469,0.0,12.172,6.3063,0.2194,61.9288,0.2719,Low
2026-05-16T21:30:13.219280,1.0533,0.789,391.7801,0.6492,1.0429,0.3193,0.0641,200.1615,0.8741,High
2026-05-16T21:30:13.227082,0.541,6.5515,0.0,0.0,21.8135,2.3261,0.1947,60.8759,0.4908,Low
2026-05-16T21:30:13.228116,0.4009,11.9612,13.7669,0.0751,17.7639,2.81,0.2316,14.6298,0.3483,Low
2026-05-16T21:30:13.226106,0.0243,11.162,57.1602,0.0218,7.6993,2.8261,0.2054,43.3942,0.3064,Low
2026-05-16T21:30:13.217990,5.0724,0.8307,147.3606,0.5494,1.0062,0.033,0.0372,450.076,0.918,High
2026-05-16T21:30:13.225060,0.3426,8.5361,76.8764,0.0741,13.1957,5.9822,0.2765,78.2617,0.3318,Low
2026-05-16T21:30:13.224248,3.6059,1.9361,92.8648,0.2094,7.1541,1.5973,0.0254,95.774,0.6411,Medium
2026-05-16T21:30:13.219303,5.4193,1.2908,241.9877,0.3694,0.622,0.2519,0.0432,336.7366,0.9231,High
2026-05-16T21:30:13.218698,5.0838,0.8258,91.9627,0.2591,1.3559,0.1371,0.068,453.0751,0.9475,High
2026-05-16T21:30:13.217532,4.9424,0.6427,252.2996,0.5918,1.6911,0.5139,0.0092,374.6254,0.9016,High
2026-05-16T21:30:13.219207,3.6398,0.1,243.3855,0.3817,3.0134,0.6892,0.0193,485.4093,0.9477,High
2026-05-16T21:30:13.228725,0.6996,2.9232,34.8884,0.0175,26.6245,4.2853,0.05,39.339,0.4846,Low
2026-05-16T21:30:13.223381,2.8175,2.1671,143.4629,0.1365,1.2138,1.7251,0.2253,161.4721,0.677,Medium
2026-05-16T21:30:13.229349,0.3361,10.3501,0.0,0.0,13.793,3.0948,0.1859,59.7716,0.4732,Low
2026-05-16T21:30:13.219983,4.4012,2.4393,100.4115,0.0184,0.5,0.3911,0.136,200.698,0.4603,Medium
2026-05-16T21:30:13.226082,0.4052,10.2497,48.378,0.012,22.5482,1.81,0.1867,45.6798,0.3857,Low
2026-05-16T21:30:13.218534,5.17,0.8304,293.1005,0.2619,1.6694,0.0759,0.0467,209.6092,0.7912,High
2026-05-16T21:30:13.216903,4.194,1.4016,50,0.5637,2.7461,0.0,0.0397,262.8559,0.7374,High
2026-05-16T21:30:13.215619,4.5699,0.3428,278.623,0.4841,2.5831,0.8161,0.0087,206.2175,0.8912,High
2026-05-16T21:30:13.219782,4.9407,1.5353,232.1227,0.3476,1.4806,0.409,0.074,138.3689,0.7657,High
2026-05-16T21:30:13.222996,2.3244,3.1687,156.8647,0.3555,3.2029,2.0215,0.1083,154.8649,0.661,Medium
2026-05-16T21:30:13.215414,3.3114,0.5735,257.9721,0.3245,0.0,0.5206,0.0181,347.3592,0.7764,High
2026-05-16T21:30:13.225230,0.1019,7.4555,0.0,0.0571,31.4309,1.231,0.1914,49.8732,0.5003,Low
2026-05-16T21:30:13.221401,2.9578,4.1745,149.6083,0.2802,2.2707,1.229,0.1617,227.9282,0.6147,Medium
2026-05-16T21:30:13.216108,7.1278,0.4767,182.8223,0.3101,0.0,0.3423,0.0272,315.0394,0.8773,High
2026-05-16T21:30:13.218721,4.2439,1.3963,261.8934,0.3494,0.8866,0.4093,0.0384,317.0416,0.8628,High
2026-05-16T21:30:13.217700,5.3508,0.7641,365.2094,0.2985,3.3009,0.488,0.0071,312.8104,0.7955,High
2026-05-16T21:30:13.221498,0.7238,2.9087,77.944,0.0377,1.1941,2.2789,0.0822,282.6982,0.5857,Medium
2026-05-16T21:30:13.217193,5.2462,0.1719,191.829,0.3629,1.4256,0.6862,0.0553,166.4656,0.8804,High
2026-05-16T21:30:13.221666,3.6696,2.2706,146.9566,0.0163,6.2856,1.9004,0.1163,249.9483,0.6099,Medium
2026-05-16T21:30:13.219446,3.7248,0.4803,211.3805,0.257,1.6227,0.9874,0.0597,274.7646,0.8267,High
2026-05-16T21:30:13.218279,3.1757,0.872,361.3602,0.5377,0.0,0.2031,0.0782,201.7513,0.832,High
2026-05-16T21:30:13.228772,0.4446,6.7283,30.8443,0.0919,17.318,1.3907,0.3244,33.8537,0.3538,Low
2026-05-16T21:30:13.226371,0.4014,10.9591,18.6408,0.0,18.715,2.419,0.1534,34.7386,0.409,Low
2026-05-16T21:30:13.225889,0.2807,13.7703,16.7616,0.0,16.2299,0.6294,0.3251,0.0,0.3534,Low
2026-05-16T21:30:13.224715,2.4677,3.1405,158.6155,0.1864,1.752,1.663,0.0746,20,0.7934,Medium
2026-05-16T21:30:13.226599,0.6972,7.8274,72.2603,0.0584,21.6763,1.69,0.2734,71.0633,0.2497,Low
2026-05-16T21:30:13.225960,0.4684,6.2626,25.575,0.0778,15.8585,2.8943,0.467,0.0,0.1278,Low
2026-05-16T21:30:13.225482,0.112,6.8073,77.1296,0.0652,12.2556,2.6276,0.1886,18.7063,0.4675,Low
2026-05-16T21:30:13.228699,1.0017,10.193,56.153,0.0786,39.1549,5.6221,0.1813,88.7165,0.396,Low
2026-05-16T21:30:13.227320,0.6393,5.3065,25.3688,0.093,23.9712,5.4901,0.368,74.3288,0.1835,Low
2026-05-16T21:30:13.222071,5.1208,1.388,252.4924,0.3196,5.7016,2.731,0.1423,191.1327,0.6436,Medium
2026-05-16T21:30:13.226177,0.0872,9.7865,22.3032,0.0447,20.5782,1.1997,0.1721,80.5322,0.4563,Low
2026-05-16T21:30:13.216326,3.0625,1.5859,252.8211,0.295,1.714,0.4663,0.0434,361.4167,0.9106,High
2026-05-16T21:30:13.227032,0.2327,7.8168,8.2468,0.0,21.6037,3.7307,0.2762,0.0,0.3079,Low
2026-05-16T21:30:13.222825,2.7205,3.718,114.0763,0.1138,4.4237,2.3258,0.1316,117.5029,0.7081,Medium
2026-05-16T21:30:13.219422,5.5847,0.1,169.2215,0.4929,3.5575,0.5062,0.0282,281.7104,0.96,High
2026-05-16T21:30:13.223741,0.62,3.2127,20,0.1553,6.0933,1.6296,0.1455,177.7832,0.8035,Medium
2026-05-16T21:30:13.229303,0.335,5.7839,0.0,0.1309,30.0203,2.0652,0.2772,52.524,0.4929,Low
2026-05-16T21:30:13.220902,3.0918,2.146,109.8479,0.2122,8.8726,0.6326,0.0319,173.1809,0.6561,Medium
2026-05-16T21:30:13.216759,4.836,0.3498,445.6602,0.4194,1.6094,0.7177,0.0644,322.3884,0.7868,High
2026-05-16T21:30:13.219108,4.3549,0.9678,179.0006,0.3344,2.2224,0.3882,0.1018,260.0364,0.868,High
2026-05-16T21:30:13.220254,2.2045,3.197,126.6326,0.3408,5.9241,1.4249,0.1469,34.3299,0.5148,Medium
2026-05-16T21:30:13.219809,3.2186,1.1801,386.8491,0.3843,1.3312,0.521,0.0849,207.2647,0.8691,High
2026-05-16T21:30:13.218891,4.7216,0.2611,172.2709,0.5801,0.8431,0.1859,0.0661,418.5704,0.9075,High
2026-05-16T21:30:13.229085,1.2206,4.0952,0.0,0.045,20.1256,3.2624,0.2054,33.9808,0.3941,Low
2026-05-16T21:30:13.217652,3.2159,0.1898,194.6474,0.3932,1.7433,0.4276,0.0606,174.8461,0.9655,High
2026-05-16T21:30:13.216178,5.2474,0.373,238.6096,0.418,2.0144,0.7135,0.0163,146.5886,0.9522,High
2026-05-16T21:30:13.219708,5.087,1.0539,338.776,0.4615,1.2587,0.7018,0.107,286.7366,0.772,High
2026-05-16T21:30:13.216563,5.5028,0.3481,292.3843,0.6162,0.0,0.2609,0.0673,279.6955,0.8797,High
2026-05-16T21:30:13.224913,0.8056,3.3716,21.0173,0.0739,14.9257,2.7168,0.3244,52.6464,0.382,Low
2026-05-16T21:30:13.218961,4.0621,0.4643,166.4153,0.105,3.5562,0.169,0.0434,272.3187,0.8746,High
2026-05-16T21:30:13.221595,2.4166,1.0504,85.4698,0.0795,5.5182,1.5485,0.0767,174.1457,0.5844,Medium
2026-05-16T21:30:13.219592,4.7022,1.327,169.4766,0.571,2.8171,0.4646,0.0,239.2178,0.9538,High
2026-05-16T21:30:13.217290,4.2758,0.6241,365.7582,0.4295,2.5318,0.0543,0.058,388.9631,0.8566,High
2026-05-16T21:30:13.220511,2.9319,3.3004,202.8004,0.3427,6.7708,1.746,0.1842,157.8783,0.5442,Medium
2026-05-16T21:30:13.216634,3.2903,0.1,221.8789,0.4028,3.1764,0.5981,0.0434,382.9406,0.6731,High
2026-05-16T21:30:13.224619,0.5,3.0027,20,0.0841,9.0729,1.0928,0.0496,144.165,0.8981,Medium
2026-05-16T21:30:13.226030,0.8064,3.1523,48.9894,0.0873,16.6792,3.8408,0.5315,36.8697,0.3972,Low
2026-05-16T21:30:13.226983,0.6297,6.4018,65.1899,0.0,12.7946,1.843,0.358,68.2837,0.4085,Low
2026-05-16T21:30:13.223043,3.376,3.9727,107.7214,0.1725,0.9013,1.2253,0.1798,122.6804,0.7269,Medium
2026-05-16T21:30:13.225769,0.2612,2.0,27.6334,0.0865,24.301,3.5138,0.222,1.6291,0.4118,Low
2026-05-16T21:30:13.224347,1.8926,2.4228,179.8091,0.2502,0.56,2.2448,0.1352,270.7626,0.7033,Medium
2026-05-16T21:30:13.227390,0.7337,7.6986,38.2783,0.0664,18.1514,4.6718,0.3339,66.1847,0.2341,Low
2026-05-16T21:30:13.217777,4.7501,0.1,230.2258,0.2977,0.4984,0.4157,0.1039,364.0843,0.8043,High
2026-05-16T21:30:13.222047,2.0919,1.5042,195.5795,0.303,4.4134,1.5268,0.0331,136.0259,0.644,Medium
2026-05-16T21:30:13.219661,4.8892,0.3284,345.0144,0.3303,1.7012,0.585,0.0422,358.6694,0.812,High
2026-05-16T21:30:13.218746,4.5037,0.9748,345.2517,0.5424,0.0151,0.0,0.078,163.3121,0.832,High
2026-05-16T21:30:13.223887,0.6421,3.1032,170.8711,0.2766,7.6453,1.7573,0.1289,89.5145,0.5645,Medium
2026-05-16T21:30:13.225506,0.0,12.8263,64.8469,0.0936,16.2965,2.8201,0.1067,24.2601,0.4092,Low
2026-05-16T21:30:13.221331,3.0225,2.9184,248.1119,0.2781,1.2423,2.2364,0.0601,129.2823,0.68,Medium
2026-05-16T21:30:13.227699,0.2738,6.5861,61.5525,0.0437,14.8667,4.9984,0.1644,41.067,0.4283,Low
2026-05-16T21:30:13.219399,5.0146,1.0772,264.1153,0.3449,0.6724,0.5258,0.0178,50,0.8849,High
2026-05-16T21:30:13.215544,3.521,0.7692,277.2922,0.4415,2.3272,0.5039,0.0936,273.5343,1.0,High
2026-05-16T21:30:13.215768,7.0466,1.213,128.4504,0.3274,2.7669,0.2877,0.0633,377.4634,0.7758,High
2026-05-16T21:30:13.220658,2.6524,1.6776,228.4721,0.2,4.9767,1.2705,0.1293,226.0079,0.5459,Medium
2026-05-16T21:30:13.218606,5.1096,0.3587,77.7688,0.4583,3.993,0.4982,0.0752,308.1829,0.8421,High
2026-05-16T21:30:13.222637,1.8502,1.2968,77.0569,0.1415,4.1202,0.961,0.0422,123.5103,0.6718,Medium
2026-05-16T21:30:13.229210,1.2139,8.0404,33.2544,0.0128,43.4853,1.712,0.2071,52.4751,0.422,Low
2026-05-16T21:30:13.220347,0.997,2.7537,182.7385,0.3303,5.245,1.7156,0.0965,181.5302,0.6088,Medium
2026-05-16T21:30:13.217847,3.9193,0.6719,283.9333,0.4784,0.9263,0.4927,0.1143,472.7543,0.8849,High
2026-05-16T21:30:13.227297,0.4722,4.439,71.7344,0.0264,12.5152,2.7865,0.1587,27.4771,0.3913,Low
2026-05-16T21:30:13.225111,0.4109,11.1955,83.5785,0.0133,13.3046,2.8315,0.2808,24.263,0.5123,Low
2026-05-16T21:30:13.229256,0.572,10.5135,36.9402,0.0163,26.007,3.7853,0.3472,39.6009,0.278,Low
2026-05-16T21:30:13.224890,0.9779,10.6839,0.0,0.0641,5.0,3.0563,0.4398,11.5632,0.2499,Low
2026-05-16T21:30:13.222733,2.8687,2.8938,20,0.1665,7.1129,1.4658,0.0357,155.8076,0.8545,Medium
2026-05-16T21:30:13.225602,0.4215,8.9051,45.2661,0.0,12.8775,2.9231,0.3036,0.0,0.3305,Low
2026-05-16T21:30:13.215308,4.2185,0.2339,216.3484,0.3486,0.6977,0.4516,0.0621,488.6186,0.864,High
2026-05-16T21:30:13.227200,0.7177,10.5374,55.4219,0.0316,26.0525,1.3266,0.3554,4.1643,0.3843,Low
2026-05-16T21:30:13.224837,0.1704,5.8427,101.4944,0.05,26.257,2.0509,0.172,72.4595,0.1881,Low
2026-05-16T21:30:13.222612,2.3232,0.9514,115.6192,0.1658,4.3596,1.331,0.1163,198.3553,0.7549,Medium
2026-05-16T21:30:13.215646,5.1165,1.006,558.2185,0.4856,2.6356,0.7862,0.0695,268.4731,0.9107,High
2026-05-16T21:30:13.215383,3.0976,1.2571,310.1546,0.5187,0.5906,0.9208,0.0079,358.6857,1.0,High
2026-05-16T21:30:13.227803,0.5505,6.5926,10.214,0.0,25.3302,3.6936,0.3077,36.1402,0.5188,Low
2026-05-16T21:30:13.218136,3.1244,0.9211,189.6579,0.3904,1.8288,0.5964,0.0627,461.3711,0.8863,High
2026-05-16T21:30:13.226648,0.6164,2.0134,6.3627,0.0872,18.9429,2.3715,0.1141,7.6079,0.1074,Low
2026-05-16T21:30:13.227344,0.8055,7.8407,23.4705,0.0567,27.5617,3.601,0.1622,62.2738,0.2735,Low
2026-05-16T21:30:13.219059,6.0477,1.0693,238.9235,0.2164,1.291,0.2448,0.0326,358.8578,0.9836,High
2026-05-16T21:30:13.228089,0.2044,9.957,82.8192,0.0332,26.0519,0.7031,0.3159,15.8815,0.3869,Low
2026-05-16T21:30:13.216350,3.8634,0.5697,227.9959,0.0547,0.0,0.9101,0.0993,275.0964,0.8961,High
2026-05-16T21:30:13.217216,5.2327,1.0239,336.4625,0.5251,1.9592,0.479,0.0002,342.9618,0.8666,High
2026-05-16T21:30:13.219569,5.6829,1.275,457.1651,0.4869,1.8258,0.5583,0.0394,333.8484,0.8264,High
2026-05-16T21:30:13.216374,4.8735,2.0316,339.566,0.3808,0.5445,0.0181,0.0561,224.3649,0.7362,High
2026-05-16T21:30:13.218868,6.0621,1.4246,252.5603,0.287,1.96,0.2967,0.1104,313.6535,0.8208,High
2026-05-16T21:30:13.221093,2.9724,3.9841,174.8929,0.1624,4.9982,0.6247,0.1563,230.5866,0.5957,Medium
2026-05-16T21:30:13.216782,5.0658,1.5528,357.6336,0.639,0.9888,0.2031,0.0462,305.5725,0.9375,High
2026-05-16T21:30:13.216034,6.2704,1.1431,237.2049,0.3971,0.4975,0.4944,0.0413,332.2719,0.7838,High
2026-05-16T21:30:13.227994,0.5061,5.0756,59.3676,0.0508,5.0,3.9392,0.2476,76.0735,0.2186,Low
2026-05-16T21:30:13.219735,5.8285,0.7518,76.1864,0.5271,0.9647,0.4728,0.06,319.05,0.9068,High
2026-05-16T21:30:13.223404,3.1927,1.2307,269.176,0.2243,9.0796,0.9869,0.2291,222.0124,0.7164,Medium
2026-05-16T21:30:13.221977,1.2543,2.5549,100.3294,0.049,4.4575,1.2841,0.2656,194.6368,0.4847,Medium
2026-05-16T21:30:13.221140,2.3188,1.8506,242.4913,0.3704,3.4989,0.1934,0.1805,105.2296,0.7449,Medium
2026-05-16T21:30:13.222191,3.9558,3.2045,205.234,0.2101,8.5261,1.7868,0.0683,272.2696,0.7337,Medium
2026-05-16T21:30:13.215720,7.0727,1.0536,87.9886,0.428,0.8382,0.7557,0.0262,288.5264,0.8904,High
2026-05-16T21:30:13.224008,1.293,1.4247,267.3475,0.0865,2.1166,2.2961,0.1403,84.966,0.676,Medium
2026-05-16T21:30:13.216950,3.0334,1.0852,230.774,0.3438,2.211,0.6333,0.0392,415.933,0.7635,High
2026-05-16T21:30:13.218559,5.9833,1.2365,298.731,0.2362,1.1836,0.8639,0.0543,531.933,0.8815,High
2026-05-16T21:30:13.220203,4.1156,1.2657,108.5275,0.1968,5.7004,0.9333,0.1454,122.0929,0.6483,Medium
2026-05-16T21:30:13.219256,4.6691,0.1,275.8534,0.3779,1.034,0.0216,0.0654,246.7299,0.7564,High
2026-05-16T21:30:13.214959,3.4104,0.2351,367.2519,0.3661,1.5675,0.0726,0.0337,311.0923,0.7579,High
2026-05-16T21:30:13.223961,3.6702,2.6343,155.5719,0.2665,2.8457,1.521,0.0,230.1165,0.4626,Medium
2026-05-16T21:30:13.228042,0.0,7.4892,32.0319,0.034,19.0829,3.3171,0.235,2.0798,0.4083,Low
2026-05-16T21:30:13.227441,0.5877,10.3756,22.8808,0.0841,10.1665,4.7425,0.2514,22.1077,0.3141,Low
2026-05-16T21:30:13.218915,5.6953,0.4973,136.2551,0.6252,1.1773,0.4248,0.0898,355.623,0.8865,High
2026-05-16T21:30:13.216976,5.2391,1.0372,225.2363,0.4489,0.2489,0.7772,0.0445,247.7277,0.9339,High
2026-05-16T21:30:13.219498,4.6359,0.2247,323.5383,0.2998,3.3733,0.824,0.0366,428.1016,0.8554,High
2026-05-16T21:30:13.218470,5.5002,0.1,279.9245,0.5842,0.2904,1.0018,0.0626,229.4988,0.8455,High
2026-05-16T21:30:13.220300,1.8792,2.3319,116.9537,0.0,6.8698,0.7491,0.1344,325.9266,0.5397,Medium
2026-05-16T21:30:13.224225,1.476,2.2202,82.4824,0.2607,3.1793,3.0155,0.1914,177.0059,0.7732,Medium
2026-05-16T21:30:13.225278,0.1748,10.4698,46.7728,0.0507,12.1971,4.5642,0.3165,23.4124,0.4702,Low
2026-05-16T21:30:13.216856,4.2229,1.0785,397.9165,0.569,1.2311,0.168,0.1272,305.9218,0.8511,High
2026-05-16T21:30:13.228870,0.454,6.9622,66.6746,0.0051,13.8651,3.0817,0.3529,55.0506,0.3798,Low
2026-05-16T21:30:13.216610,4.9733,0.6316,273.182,0.7113,2.3711,0.4022,0.086,259.1925,0.687,High
2026-05-16T21:30:13.225010,0.625,11.5782,2.264,0.0793,24.7234,2.8294,0.2839,70.8837,0.4547,Low
2026-05-16T21:30:13.215496,4.7787,0.9172,192.8519,0.6799,1.9738,0.1426,0.0697,202.5318,0.913,High
2026-05-16T21:30:13.229160,0.5598,10.3123,111.4514,0.0831,29.2787,2.3928,0.1474,41.8699,0.3629,Low
2026-05-16T21:30:13.229469,0.7161,8.6698,4.0482,0.0934,21.6824,3.2381,0.2491,24.4673,0.3761,Low
2026-05-16T21:30:13.228376,0.0,8.6342,71.8797,0.035,30.8089,4.5513,0.4164,49.1573,0.4205,Low
2026-05-16T21:30:13.215890,4.8688,1.1251,300.3703,0.2757,0.9398,0.7242,0.0683,297.9098,0.8594,High
2026-05-16T21:30:13.221475,2.108,3.5599,193.1904,0.282,1.5851,2.3484,0.1357,130.4578,0.6672,Medium
2026-05-16T21:30:13.218229,7.2491,0.2442,118.3681,0.5534,3.9398,0.9153,0.0669,359.4754,0.9183,High
2026-05-16T21:30:13.225984,0.8134,5.9641,30.4529,0.0188,17.9216,4.9182,0.3302,65.8667,0.1801,Low
2026-05-16T21:30:13.218423,7.5957,0.4785,381.1293,0.6517,0.9464,0.6707,0.0989,262.0872,0.8337,High
2026-05-16T21:30:13.215520,5.8903,0.4717,327.0701,0.4619,2.3221,1.069,0.0426,224.6264,0.7788,High
2026-05-16T21:30:13.227464,0.8236,6.2466,17.5193,0.0411,10.5843,5.1847,0.1934,64.9485,0.3751,Low
2026-05-16T21:30:13.218629,5.6029,0.6839,271.3914,0.4483,0.8319,0.7976,0.0448,224.4255,0.8929,High
2026-05-16T21:30:13.228282,0.2274,10.9035,69.8135,0.105,13.1809,3.5704,0.3132,25.7747,0.2574,Low
2026-05-16T21:30:13.225842,1.0163,6.8084,6.9319,0.0639,20.6936,3.4268,0.2692,55.1872,0.5237,Low
2026-05-16T21:30:13.215037,4.7506,0.1,143.7451,0.4295,2.2385,0.5514,0.0465,269.8896,0.7317,High
2026-05-16T21:30:13.215986,3.6874,1.19,238.2354,0.2762,1.1786,0.6239,0.0331,217.778,0.8695,High
2026-05-16T21:30:13.221641,1.3775,1.5825,221.2363,0.2326,6.3787,1.7384,0.1434,53.8822,0.7757,Medium
2026-05-16T21:30:13.227876,0.0,8.6318,25.3457,0.1137,20.1548,1.5732,0.245,8.6164,0.4068,Low
2026-05-16T21:30:13.218844,5.7479,0.5578,396.0808,0.5017,1.0121,1.1472,0.0318,374.2095,0.8739,High
2026-05-16T21:30:13.223790,4.0232,3.2356,274.7259,0.0012,3.6889,0.9853,0.1633,75.9887,0.7409,Medium
2026-05-16T21:30:13.220035,2.2889,1.5128,140.812,0.2092,4.4379,1.045,0.1301,195.3553,0.5192,Medium
2026-05-16T21:30:13.222458,1.9076,2.6235,286.791,0.1393,2.3527,2.5372,0.2378,160.2957,0.7714,Medium
2026-05-16T21:30:13.225380,0.1027,4.9524,0.0,0.0,10.2617,3.1914,0.1607,55.4084,0.3542,Low
2026-05-16T21:30:13.222141,3.1197,1.8646,66.7233,0.1251,4.5387,1.0767,0.0,231.7653,0.803,Medium
2026-05-16T21:30:13.228893,0.5312,9.2007,46.0496,0.0088,20.3686,1.7116,0.2581,25.5806,0.6547,Low
2026-05-16T21:30:13.218325,5.163,0.8896,359.1312,0.4188,1.0706,0.5367,0.0663,304.886,0.8532,High
2026-05-16T21:30:13.219035,4.5255,0.9235,386.1772,0.4361,4.1017,0.6697,0.0,375.3342,0.8805,High
2026-05-16T21:30:13.221618,2.2283,4.1735,243.8323,0.0441,7.0743,2.068,0.0511,225.5022,0.8346,Medium
2026-05-16T21:30:13.228162,0.7479,2.266,42.7894,0.0313,13.9299,4.621,0.1846,15.8087,0.3591,Low
2026-05-16T21:30:13.221930,2.6752,5.4853,175.7237,0.1624,7.3045,1.8379,0.1452,208.548,0.8968,Medium
2026-05-16T21:30:13.215571,5.2508,0.4571,164.3286,0.4724,1.2765,0.7142,0.0642,292.7171,0.7823,High
2026-05-16T21:30:13.226445,0.0,6.5124,72.919,0.0,5.0,3.6854,0.2744,7.2937,0.2317,Low
2026-05-16T21:30:13.224466,1.1633,2.0882,159.235,0.1455,4.4534,1.436,0.1151,164.1807,0.5227,Medium
2026-05-16T21:30:13.223285,0.6303,2.1115,163.3297,0.2539,3.7255,1.5241,0.0,107.3401,0.7044,Medium
2026-05-16T21:30:13.218017,4.0816,0.6603,224.2692,0.7115,1.8819,0.629,0.0809,323.8789,0.8293,High
2026-05-16T21:30:13.226498,0.8191,2.422,41.3647,0.0723,34.8532,2.4219,0.2824,0.0,0.1,Low
2026-05-16T21:30:13.225182,0.6987,11.2093,4.0091,0.0,26.8641,2.0062,0.05,44.3519,0.4452,Low
2026-05-16T21:30:13.229372,0.7398,12.8564,52.4748,0.0013,30.907,2.2738,0.341,87.212,0.4048,Low
2026-05-16T21:30:13.216084,3.5724,0.8098,289.8399,0.6177,2.4593,1.146,0.027,387.2321,0.8647,High
2026-05-16T21:30:13.227177,0.268,4.5308,65.5024,0.0667,20.8596,3.4648,0.2823,78.5145,0.5054,Low
2026-05-16T21:30:13.222118,2.4572,2.558,209.3902,0.0,3.4832,1.6479,0.192,120.6478,0.4248,Medium
2026-05-16T21:30:13.226251,0.8831,8.6228,49.2303,0.0062,12.954,5.1585,0.1765,89.6862,0.3208,Low
2026-05-16T21:30:13.229038,1.6673,7.4476,6.0946,0.0609,5.0,2.8897,0.2516,63.838,0.4668,Low
2026-05-16T21:30:13.221378,2.9977,3.1659,179.5111,0.3007,3.4569,1.1092,0.054,195.1601,0.7435,Medium
2026-05-16T21:30:13.221070,2.9259,2.5191,105.0959,0.2585,9.5109,1.3664,0.1632,56.5382,0.5352,Medium
2026-05-16T21:30:13.222848,1.3977,3.1814,178.6025,0.1631,2.9035,0.8793,0.1521,258.3184,0.5735,Medium
2026-05-16T21:30:13.223766,1.5477,1.823,95.9138,0.2996,7.251,1.8159,0.191,65.7567,0.8501,Medium
2026-05-16T21:30:13.219012,5.2955,1.2694,264.4817,0.2055,1.8997,0.3046,0.0341,358.6364,0.9491,High
2026-05-16T21:30:13.223545,2.142,2.3606,201.7757,0.0,8.2958,1.5509,0.0953,152.8613,0.6455,Medium
2026-05-16T21:30:13.221856,3.9436,1.2435,206.9244,0.1665,4.3006,2.0533,0.1404,205.649,0.7662,Medium
2026-05-16T21:30:13.225354,1.0213,9.7585,27.6276,0.0603,18.0747,3.0095,0.2174,35.0699,0.3755,Low
2026-05-16T21:30:13.217800,5.1871,1.3597,323.9707,0.4089,0.8531,0.7095,0.0618,389.5193,0.9008,High
2026-05-16T21:30:13.218798,4.72,0.7939,296.3433,0.4179,0.5269,0.859,0.0452,297.2695,0.7753,High
2026-05-16T21:30:13.223165,2.6998,2.764,239.0647,0.2879,5.7218,0.3416,0.0624,150.1833,0.6612,Medium
2026-05-16T21:30:13.217023,4.3839,0.582,281.9309,0.3944,2.6033,0.5343,0.0545,263.6388,0.8454,High
2026-05-16T21:30:13.221186,3.0844,4.4764,40.5031,0.3941,5.2609,0.8709,0.0402,144.8704,0.7606,Medium
2026-05-16T21:30:13.228305,1.1438,8.6825,59.079,0.0171,10.2457,2.3167,0.2376,8.0734,0.3488,Low
2026-05-16T21:30:13.225866,0.7272,4.851,80.8769,0.1156,45.2165,1.6518,0.2743,0.0,0.4164,Low
2026-05-16T21:30:13.227583,0.0,7.9502,36.8254,0.0319,33.8098,1.9352,0.3272,50.6876,0.5014,Low
2026-05-16T21:30:13.226227,0.0,12.8889,28.8197,0.0403,5.0,2.4542,0.146,21.7706,0.3335,Low
2026-05-16T21:30:13.224938,0.3644,9.1102,36.288,0.0683,16.0245,2.7809,0.151,38.9498,0.2527,Low
2026-05-16T21:30:13.219949,4.638,0.7359,303.7072,0.432,0.748,0.4043,0.0261,407.6007,0.8517,High
2026-05-16T21:30:13.226201,0.4749,8.7294,31.1727,0.1043,18.3972,3.2782,0.3646,16.6789,0.5371,Low
2026-05-16T21:30:13.219832,5.6702,1.0004,265.1665,0.5502,0.0,0.7034,0.0304,116.9367,0.8909,High
2026-05-16T21:30:13.226936,0.8978,9.938,0.0,0.1317,22.3622,2.0682,0.2657,45.2857,0.27,Low
2026-05-16T21:30:13.228558,0.5463,9.1688,0.0,0.0021,27.0966,3.3441,0.2353,56.9453,0.5463,Low
2026-05-16T21:30:13.220106,1.4723,3.7657,89.3678,0.3163,6.068,1.0476,0.2265,64.5091,0.7603,Medium
2026-05-16T21:30:13.223837,0.5,1.4291,283.7993,0.0463,5.4737,2.2052,0.0447,174.7768,0.7625,Medium
2026-05-16T21:30:13.221116,2.03,2.7659,119.4296,0.1921,10.2493,1.3271,0.0985,108.1967,0.7393,Medium
2026-05-16T21:30:13.223863,2.5125,5.3684,33.1981,0.327,4.568,2.0403,0.1465,101.3475,0.6775,Medium
2026-05-16T21:30:13.223644,2.8132,1.8935,181.9133,0.1449,3.2635,0.6919,0.0149,128.8061,0.669,Medium
2026-05-16T21:30:13.217170,3.6562,0.786,391.6641,0.306,3.3124,0.7123,0.0331,363.2408,0.9278,High
2026-05-16T21:30:13.228185,0.7742,7.5751,74.9911,0.0712,5.0,2.3646,0.1938,54.3808,0.1,Low
2026-05-16T21:30:13.216225,5.6659,1.0582,359.4905,0.2553,2.1861,0.8175,0.0,181.6741,0.6869,High
2026-05-16T21:30:13.215139,3.0646,1.125,358.4992,0.3892,2.5035,0.6085,0.0306,336.1396,0.973,High
2026-05-16T21:30:13.223814,3.8705,3.1952,169.8626,0.0815,2.8829,2.3747,0.1668,156.8784,0.5999,Medium
2026-05-16T21:30:13.229637,0.1365,13.0536,65.2689,0.0509,30.8081,1.185,0.1169,0.0,0.2661,Low
2026-05-16T21:30:13.223331,1.9135,2.7242,200.0227,0.0,7.8977,1.2646,0.1455,255.7798,0.4854,Medium
2026-05-16T21:30:13.224986,0.5597,9.0924,40.2154,0.0,21.2839,5.655,0.214,18.1577,0.3948,Low
2026-05-16T21:30:13.220634,3.5602,5.2597,177.4691,0.1389,4.9361,0.2616,0.0783,127.2574,0.5871,Medium
2026-05-16T21:30:13.216010,4.794,0.5972,212.3169,0.4348,0.0519,0.0778,0.0284,278.6553,0.8749,High
2026-05-16T21:30:13.223211,1.2582,2.8342,139.1319,0.0,2.849,1.2105,0.2333,204.5242,0.4897,Medium
2026-05-16T21:30:13.220879,2.5225,3.0471,67.3431,0.3337,6.7885,2.0027,0.1463,161.5693,0.7307,Medium
2026-05-16T21:30:13.224156,3.1789,2.363,113.6423,0.1591,6.0708,1.554,0.0844,146.7495,0.6594,Medium
2026-05-16T21:30:13.217361,3.302,1.1937,232.8809,0.3926,2.1748,0.1632,0.0615,316.6452,0.8894,High
2026-05-16T21:30:13.228916,0.484,3.7873,35.9746,0.0708,33.3869,2.2927,0.0918,64.5051,0.1843,Low
2026-05-16T21:30:13.228511,0.7012,7.0438,9.1056,0.0451,22.4724,2.2132,0.2264,11.8161,0.4843,Low
2026-05-16T21:30:13.220707,2.3626,2.8905,142.7745,0.2318,3.5431,0.0,0.1119,273.8199,0.7611,Medium
2026-05-16T21:30:13.226468,0.1121,8.3316,21.2105,0.0698,5.0,1.9718,0.1374,32.3098,0.2854,Low
2026-05-16T21:30:13.223621,3.342,2.1308,20,0.155,2.4036,0.3581,0.0458,168.7527,0.8094,Medium
2026-05-16T21:30:13.217481,3.9127,1.2177,304.5513,0.677,2.0839,0.3922,0.0677,410.8704,0.9156,High
2026-05-16T21:30:13.228652,0.4049,8.2298,24.6471,0.0,36.3374,3.1864,0.2898,38.2628,0.2618,Low
2026-05-16T21:30:13.216421,5.1467,0.3851,234.7729,0.2687,0.1172,0.7779,0.1073,160.1432,0.895,High
2026-05-16T21:30:13.227487,0.1062,7.9821,63.5201,0.0425,29.5449,4.2258,0.3419,26.2103,0.2204,Low
2026-05-16T21:30:13.220130,3.5006,1.8294,247.4726,0.17,5.7217,1.6822,0.1119,224.8647,0.7452,Medium
2026-05-16T21:30:13.215842,4.0376,0.8454,302.9705,0.6379,0.2622,1.1399,0.0,284.8215,0.8971,High
2026-05-16T21:30:13.216299,4.4248,1.1821,171.1419,0.4756,0.9697,0.2621,0.0468,196.4758,0.8057,High
2026-05-16T21:30:13.223141,0.5877,2.4314,54.2179,0.4385,7.2784,1.574,0.1958,92.2947,0.7152,Medium
2026-05-16T21:30:13.223235,2.986,0.9527,225.7884,0.1435,4.7659,2.4281,0.0428,48.2305,0.58,Medium
2026-05-16T21:30:13.229279,0.0,10.4581,52.7167,0.0114,15.6914,2.4399,0.1017,15.4695,0.2139,Low
2026-05-16T21:30:13.226745,0.1104,10.1103,0.7789,0.0,14.9598,3.8783,0.2303,26.0626,0.3553,Low
2026-05-16T21:30:13.220229,3.0463,2.5064,119.453,0.1868,4.7791,1.241,0.1045,287.8918,0.7173,Medium
2026-05-16T21:30:13.224866,0.3339,8.1021,43.3412,0.0428,23.1666,3.8314,0.3235,10.4259,0.3159,Low
2026-05-16T21:30:13.219522,5.5233,0.9939,182.2915,0.3035,2.53,0.3996,0.0379,204.4877,0.8839,High
2026-05-16T21:30:13.228940,0.3255,7.2271,37.911,0.0776,14.5309,2.6715,0.2486,44.4879,0.3617,Low
2026-05-16T21:30:13.225036,0.0428,10.4605,38.0593,0.0529,20.5856,2.8197,0.3692,37.4885,0.2157,Low
2026-05-16T21:30:13.216272,4.4608,0.1,242.8704,0.2043,2.1697,0.61,0.0218,248.6133,0.7653,High
2026-05-16T21:30:13.216249,4.1767,1.087,370.1886,0.4111,3.1286,0.086,0.0,294.4452,0.8807,High
2026-05-16T21:30:13.217457,3.6229,0.7867,393.5646,0.3224,1.7238,0.4951,0.0857,552.6932,0.8075,High
2026-05-16T21:30:13.220179,2.192,3.2797,241.7216,0.3675,3.5946,1.3535,0.019,95.5304,0.7658,Medium
2026-05-16T21:30:13.223715,1.3032,3.3937,212.5068,0.4196,3.9758,1.9986,0.2569,110.5887,0.4658,Medium
2026-05-16T21:30:13.218113,7.3841,0.777,266.0879,0.5576,2.6055,0.8561,0.0692,185.6995,0.9807,High
2026-05-16T21:30:13.221022,4.5236,2.5068,136.6973,0.1571,4.549,2.461,0.0,282.6747,0.4791,Medium
2026-05-16T21:30:13.222290,3.3545,1.4081,212.3173,0.2206,6.3831,0.6771,0.0663,207.7783,0.5362,Medium
2026-05-16T21:30:13.222218,2.057,2.0205,170.7603,0.2556,5.4932,1.7179,0.222,245.7235,0.6729,Medium
2026-05-16T21:30:13.227751,0.4075,6.2707,84.131,0.022,11.7035,3.7984,0.1704,11.4981,0.1768,Low
2026-05-16T21:30:13.224808,3.1041,4.8036,46.4389,0.3511,7.8661,0.8186,0.1804,186.8916,0.6227,Medium
2026-05-16T21:30:13.217751,5.0105,0.4132,246.1831,0.3995,0.3416,0.951,0.0763,277.9036,0.8522,High
2026-05-16T21:30:13.225206,0.4512,6.6265,35.2191,0.0352,9.2156,2.1424,0.3021,49.6504,0.3702,Low
2026-05-16T21:30:13.223427,2.734,2.2515,234.0372,0.2168,0.5,0.718,0.1088,184.7999,0.6432,Medium
2026-05-16T21:30:13.227653,0.7549,12.8489,0.0,0.0486,7.0663,2.7247,0.2251,58.7984,0.3555,Low
2026-05-16T21:30:13.218040,4.2644,0.7714,247.0222,0.5091,1.5519,0.7198,0.0476,307.8635,0.6901,High
2026-05-16T21:30:13.221521,0.7926,1.3835,236.5068,0.1813,3.6293,1.612,0.1501,249.3919,0.8238,Medium
2026-05-16T21:30:13.224761,2.6941,1.2299,170.0869,0.1002,3.4043,0.9292,0.056,329.9817,0.8098,Medium
2026-05-16T21:30:13.219230,5.1985,0.7094,173.2449,0.3442,2.5887,1.0654,0.0963,251.1151,0.7604,High
2026-05-16T21:30:13.215470,4.8119,1.1127,151.0439,0.2019,2.0219,0.5891,0.0575,334.6448,0.7956,High
2026-05-16T21:30:13.215913,6.0332,0.5634,293.7678,0.3697,1.2823,0.8296,0.0748,381.351,0.9544,High
2026-05-16T21:30:13.224272,2.4243,4.4725,52.9808,0.2607,8.7228,3.09,0.0957,199.3144,0.7184,Medium
2026-05-16T21:30:13.229396,0.0,5.2454,79.6823,0.0432,20.6366,3.9106,0.3196,48.364,0.325,Low
2026-05-16T21:30:13.227826,0.3064,10.8658,38.8377,0.0257,24.7402,3.4916,0.2857,42.4384,0.3455,Low
2026-05-16T21:30:13.223911,3.6867,3.9363,133.3323,0.2055,2.7385,2.3209,0.1599,315.2974,0.5446,Medium
2026-05-16T21:30:13.215960,3.2928,0.3143,342.6489,0.5187,2.1241,0.6885,0.0496,210.2746,0.8561,High
2026-05-16T21:30:13.214995,4.9508,0.5597,226.6645,0.3097,3.3523,0.496,0.0183,382.2545,0.7523,High
2026-05-16T21:30:13.227224,0.1619,9.6602,38.9822,0.0,23.3656,2.3065,0.3381,40.0398,0.3975,Low
2026-05-16T21:30:13.228209,1.5196,9.5931,44.4663,0.0973,38.7492,4.0449,0.3449,43.9207,0.333,Low
2026-05-16T21:30:13.217943,4.8128,0.5799,196.2701,0.3962,2.6727,0.6631,0.0389,377.1699,0.6221,High
2026-05-16T21:30:13.226672,0.4595,6.2047,11.0024,0.0473,22.9118,5.5118,0.0988,74.7814,0.4668,Low
2026-05-16T21:30:13.222434,4.0634,1.6816,257.2657,0.26,1.5017,1.7574,0.0,210.0406,0.7562,Medium
2026-05-16T21:30:13.215266,4.6165,1.1875,193.8358,0.3509,1.1079,0.0609,0.0589,326.1055,0.8504,High
2026-05-16T21:30:13.219327,3.5362,1.3971,228.3101,0.3968,0.7528,0.0,0.0765,373.6844,0.8275,High
2026-05-16T21:30:13.226840,0.0,7.0479,68.2355,0.0577,35.5867,4.2301,0.1846,40.8194,0.3443,Low
2026-05-16T21:30:13.217894,6.3888,0.3097,132.85,0.4337,2.5471,1.0052,0.0362,407.8681,0.8469,High
2026-05-16T21:30:13.227513,0.2546,8.5887,56.3736,0.0,19.9351,3.1897,0.2222,78.7382,0.4006,Low
2026-05-16T21:30:13.216587,3.7752,0.8346,237.5458,0.5752,1.7544,0.6013,0.0376,251.2394,0.8154,High
2026-05-16T21:30:13.220757,2.0498,2.5005,192.0845,0.0267,0.5,1.1146,0.0468,119.3488,0.6323,Medium
2026-05-16T21:30:13.221548,2.1402,1.174,121.0574,0.2312,2.5906,0.83,0.1406,156.1078,0.6539,Medium
2026-05-16T21:30:13.227945,0.4056,6.7793,23.9573,0.0618,8.0219,4.5371,0.1835,61.6571,0.1976,Low
2026-05-16T21:30:13.225745,0.8043,8.1803,51.6494,0.1,9.3378,2.5807,0.1727,51.3746,0.4976,Low
2026-05-16T21:30:13.227922,0.6659,12.813,31.4472,0.0555,11.311,1.9581,0.2598,73.118,0.3192,Low
2026-05-16T21:30:13.223451,3.719,0.5489,160.0512,0.0,6.8993,1.4339,0.1452,90.8894,0.8035,Medium
2026-05-16T21:30:13.227273,0.1165,3.9425,0.0,0.0665,18.2875,3.4553,0.319,47.9685,0.4289,Low
2026-05-16T21:30:13.228966,0.6744,10.5315,51.779,0.0681,7.3422,3.0603,0.298,61.8682,0.2669,Low
2026-05-16T21:30:13.223984,4.0034,2.1699,135.1833,0.1247,4.2799,2.493,0.0,262.1572,0.6906,Medium
2026-05-16T21:30:13.217580,3.9643,0.8776,335.8905,0.246,1.633,0.29,0.0859,147.6813,0.8053,High
2026-05-16T21:30:13.223692,1.9986,3.4753,186.094,0.3174,6.3054,0.7274,0.1002,97.5841,0.8097,Medium
2026-05-16T21:30:13.228258,0.2911,17.2306,80.8035,0.0002,21.8629,2.2704,0.1486,0.0,0.4019,Low
2026-05-16T21:30:13.227106,0.391,6.9782,55.0043,0.0,21.7852,3.6623,0.318,0.0,0.2586,Low
2026-05-16T21:30:13.225671,1.0302,3.7796,57.5771,0.0205,8.6779,3.2622,0.3509,14.6518,0.1701,Low
2026-05-16T21:30:13.217727,5.5088,0.539,214.3053,0.1166,1.0477,0.0,0.0025,376.0415,0.9129,High
2026-05-16T21:30:13.226889,0.5908,7.0278,57.7433,0.0772,22.4592,2.0105,0.2777,75.8644,0.2784,Low
2026-05-16T21:30:13.222663,3.095,1.9426,121.0902,0.0888,4.9214,0.9061,0.1544,20,0.6068,Medium
2026-05-16T21:30:13.226719,0.4166,11.6198,0.0,0.0078,21.0101,1.8184,0.1707,27.292,0.1861,Low
2026-05-16T21:30:13.218373,5.9973,0.5306,272.3195,0.2747,3.6451,0.1437,0.0593,363.3777,0.8831,High
2026-05-16T21:30:13.217147,5.092,0.8739,181.3314,0.505,0.9244,0.5366,0.1268,290.394,0.9419,High
2026-05-16T21:30:13.229614,0.4729,9.2949,62.1903,0.1529,5.0,3.7305,0.1943,22.4075,0.2756,Low
2026-05-16T21:30:13.221046,2.2333,2.0708,191.1987,0.0082,6.1554,2.917,0.0382,175.1765,0.5706,Medium
2026-05-16T21:30:13.223308,1.5177,2.559,181.2811,0.1589,5.4262,0.8261,0.1076,208.8173,0.6688,Medium
2026-05-16T21:30:13.216683,4.7979,0.6163,182.0125,0.5246,0.6439,0.5215,0.0357,347.898,0.8767,High
2026-05-16T21:30:13.216657,4.7827,1.1083,131.7131,0.5716,1.8385,0.3754,0.069,527.0693,0.8645,High
2026-05-16T21:30:13.224641,0.6683,1.4487,254.8202,0.4229,4.7414,0.6327,0.2458,287.5554,0.7315,Medium
2026-05-16T21:30:13.221741,1.7162,1.8095,85.8666,0.1002,4.8321,0.999,0.1609,278.9797,0.5804,Medium
2026-05-16T21:30:13.228329,0.0,4.6399,60.1273,0.0742,16.865,1.7787,0.1473,28.802,0.4273,Low
2026-05-16T21:30:13.215937,4.5252,1.0728,225.1787,0.4486,1.3699,0.5291,0.0679,218.1779,1.0,High
2026-05-16T21:30:13.221163,0.5299,3.3926,65.218,0.2877,5.0357,0.8322,0.0956,214.9055,0.6627,Medium
2026-05-16T21:30:13.224203,1.9741,2.6778,178.0337,0.2157,4.8064,0.6633,0.2071,304.5757,0.4481,Medium
2026-05-16T21:30:13.216131,6.7514,1.1802,203.8477,0.2652,1.9919,0.1039,0.1049,417.944,0.8125,High
2026-05-16T21:30:13.216060,5.1232,1.4131,241.2992,0.4603,2.1901,0.3796,0.0567,301.2592,0.8578,High
2026-05-16T21:30:13.222167,3.1515,1.3623,135.8956,0.1992,6.497,1.9678,0.0759,166.5596,0.7049,Medium
2026-05-16T21:30:13.218090,3.2359,0.5505,403.1225,0.3714,1.7174,0.761,0.0649,315.0419,0.8792,High
2026-05-16T21:30:13.215791,4.4286,0.1,168.049,0.3621,0.2522,0.9897,0.0071,255.9956,0.8605,High
2026-05-16T21:30:13.218066,5.5996,0.9386,329.8408,0.05,3.5884,0.4581,0.0832,196.0094,0.899,High
2026-05-16T21:30:13.218938,7.098,0.5426,324.2272,0.4086,1.7686,0.9585,0.0652,353.8296,0.9358,High
2026-05-16T21:30:13.225158,1.4232,7.4557,36.8099,0.0898,33.6254,1.0344,0.0714,21.339,0.4199,Low
2026-05-16T21:30:13.227247,0.117,6.232,26.2408,0.0843,33.419,2.0338,0.3577,0.0,0.2067,Low
2026-05-16T21:30:13.226324,0.5974,7.8188,73.8334,0.0534,14.0246,4.1882,0.2283,55.7961,0.2927,Low
2026-05-16T21:30:13.215224,4.9285,1.3912,208.5384,0.2787,0.9982,0.7746,0.0599,247.024,0.8911,High
2026-05-16T21:30:13.228065,0.0,2.0,62.1754,0.0703,19.5408,1.3255,0.1792,32.1176,0.1585,Low
2026-05-16T21:30:13.219135,5.6191,0.2327,109.1353,0.1712,2.7626,0.3344,0.1267,243.5752,0.8648,High
2026-05-16T21:30:13.222562,2.4261,2.0483,163.6517,0.109,2.1735,1.9359,0.1578,95.6547,0.7574,Medium
2026-05-16T21:30:13.214769,5.0961,0.7447,301.8151,0.6285,1.2658,0.4298,0.0974,376.7435,0.8124,High
2026-05-16T21:30:13.227560,0.7745,5.4833,42.0352,0.0,31.5356,2.3852,0.2556,30.7105,0.4875,Low
2026-05-16T21:30:13.224784,4.4204,1.2771,154.9878,0.0448,3.2608,0.8573,0.1944,128.3016,0.7782,Medium
2026-05-16T21:30:13.227968,0.7675,10.0158,51.5261,0.0102,21.9964,1.5803,0.2247,70.8824,0.4456,Low
2026-05-16T21:30:13.217099,6.4986,1.2057,102.7301,0.2081,0.8752,0.5078,0.0655,227.4256,0.8649,High
2026-05-16T21:30:13.226059,0.2048,8.5438,53.8081,0.0578,11.8424,3.2476,0.3962,53.4591,0.4654,Low
2026-05-16T21:30:13.219758,3.9774,1.0052,229.2363,0.5108,2.1154,0.2194,0.0826,246.4037,0.9146,High
2026-05-16T21:30:13.227006,0.9288,5.3622,50.4579,0.045,26.7751,2.8617,0.2115,56.2273,0.4551,Low
2026-05-16T21:30:13.217556,7.0959,0.6769,267.532,0.4374,3.0775,0.4714,0.0584,360.7897,0.8649,High
2026-05-16T21:30:13.222686,2.8011,2.6838,338.5124,0.242,2.4899,1.4332,0.0134,153.552,0.55,Medium
2026-05-16T21:30:13.226154,0.8438,8.2394,74.1867,0.0345,11.211,4.7046,0.2387,46.6468,0.4982,Low
2026-05-16T21:30:13.223066,2.3095,2.8241,69.6616,0.2102,0.5,1.3692,0.0222,256.4796,0.7433,Medium
2026-05-16T21:30:13.225578,0.0,8.4733,7.079,0.0,14.085,4.4303,0.345,47.2901,0.1661,Low
2026-05-16T21:30:13.218821,3.9681,0.4461,236.1643,0.6568,0.1281,0.0159,0.0941,279.0676,0.7965,High
2026-05-16T21:30:13.222898,0.5,0.5,107.5194,0.2549,0.5,1.1502,0.0884,271.067,0.6038,Medium
2026-05-16T21:30:13.225937,0.737,2.0,21.1035,0.0305,25.0666,3.0272,0.1094,10.4502,0.3738,Low
2026-05-16T21:30:13.216397,3.7241,0.3674,384.9713,0.5322,1.492,0.944,0.0523,213.8716,0.9718,High
2026-05-16T21:30:13.221425,2.4284,0.9821,125.008,0.3068,6.438,1.8505,0.123,160.5651,0.5708,Medium
2026-05-16T21:30:13.217313,5.7786,0.5931,362.7478,0.7448,1.1372,0.3663,0.0936,457.9572,0.8082,High
2026-05-16T21:30:13.224596,3.7208,1.6232,269.8428,0.0,6.0869,1.8328,0.0723,193.9515,0.8035,Medium
2026-05-16T21:30:13.221354,4.4957,5.6099,192.4706,0.178,6.3363,2.1214,0.1008,303.6169,0.6776,Medium
2026-05-16T21:30:13.227413,0.4682,7.0986,9.832,0.0644,15.6988,3.7865,0.143,91.5712,0.2424,Low
2026-05-16T21:30:13.224055,4.586,1.4852,124.6976,0.25,4.8652,0.8124,0.1873,345.6033,0.6735,Medium
2026-05-16T21:30:13.226007,0.0395,2.0,15.7186,0.0883,24.1356,2.7342,0.2478,19.3334,0.3746,Low
2026-05-16T21:30:13.226575,0.4687,2.4743,66.762,0.0264,25.5895,3.0303,0.0957,44.9288,0.6135,Low
2026-05-16T21:30:13.214905,5.1511,0.6146,212.7416,0.4363,0.0,0.0,0.0331,198.7169,0.8751,High
2026-05-16T21:30:13.220781,2.0468,3.9525,172.8721,0.2361,6.5555,0.7028,0.1823,153.9389,0.7305,Medium
2026-05-16T21:30:13.228605,0.4804,10.1342,133.3873,0.0823,13.2155,2.4915,0.2047,0.0,0.3104,Low
2026-05-16T21:30:13.220539,2.3369,1.7551,102.7375,0.1827,3.019,1.2844,0.0064,177.0635,0.6501,Medium
2026-05-16T21:30:13.218772,3.0959,0.1,293.317,0.5139,0.9235,0.0,0.0336,339.1804,0.7317,High
2026-05-16T21:30:13.227899,0.6164,10.8735,16.2735,0.0514,9.0798,3.8418,0.3019,54.8742,0.3502,Low
2026-05-16T21:30:13.219351,4.5804,1.0064,124.9963,0.3206,2.2943,0.1237,0.0588,164.3418,0.8873,High
2026-05-16T21:30:13.223091,2.9667,4.021,83.5758,0.4097,7.3305,1.3344,0.1881,71.4965,0.5511,Medium
2026-05-16T21:30:13.224668,1.6876,2.451,138.7748,0.2397,8.6275,2.1156,0.0554,270.1197,0.6876,Medium
2026-05-16T21:30:13.218399,4.2777,0.7481,253.5049,0.3779,2.4639,1.1632,0.0333,163.0197,0.8429,High
2026-05-16T21:30:13.224442,3.5888,2.1237,151.3173,0.0594,9.2393,2.8281,0.1294,241.8825,0.671,Medium
2026-05-16T21:30:13.227780,0.3068,7.7519,47.2928,0.0881,24.2152,2.771,0.2302,55.3047,0.5027,Low
2026-05-16T21:30:13.226130,0.0,6.835,30.8314,0.0753,14.4144,5.0144,0.0588,79.335,0.3231,Low
2026-05-16T21:30:13.223592,0.5,2.4009,107.8026,0.2519,6.1751,1.0047,0.0773,151.1468,0.5424,Medium
2026-05-16T21:30:13.216514,3.7049,1.0282,188.9393,0.1293,0.0,0.5144,0.0578,209.5683,0.9011,High
2026-05-16T21:30:13.224079,1.5959,0.951,168.0583,0.3325,6.1879,1.4983,0.0846,72.6269,0.7502,Medium
2026-05-16T21:30:13.226913,1.3392,6.4231,40.9722,0.0231,21.7862,0.9093,0.1954,7.2364,0.3662,Low
2026-05-16T21:30:13.215078,3.6362,0.6157,334.5698,0.4515,0.0,0.5972,0.0384,232.3078,0.8989,High
2026-05-16T21:30:13.227056,0.0,12.1091,7.4184,0.1002,27.567,1.9193,0.1367,50.5111,0.2487,Low
2026-05-16T21:30:13.222000,1.9352,3.5214,296.191,0.0097,0.5,2.8097,0.1434,90.5366,0.7142,Medium
2026-05-16T21:30:13.218205,3.7332,0.2708,381.3612,0.5515,0.8118,1.1757,0.0795,267.5169,0.65,High
2026-05-16T21:30:13.228749,0.4253,10.1872,50.535,0.0637,17.8295,1.5401,0.1378,61.2806,0.3523,Low
2026-05-16T21:30:13.220950,4.1615,2.5209,166.1491,0.0488,3.4591,1.2374,0.1009,262.5315,0.7169,Medium
2026-05-16T21:30:13.226866,0.0,5.1788,23.1772,0.0,20.3799,2.7011,0.0827,52.1264,0.4359,Low
2026-05-16T21:30:13.219855,6.1484,0.745,326.23,0.6418,2.8149,0.992,0.0723,307.5434,0.7218,High
2026-05-16T21:30:13.219903,4.7335,0.503,144.3982,0.3082,1.463,0.3712,0.0292,159.3683,0.8434,High
2026-05-16T21:30:13.227850,1.4553,11.5528,61.6848,0.0545,28.0573,3.6216,0.2526,30.8931,0.3403,Low
2026-05-16T21:30:13.222538,2.2034,2.7413,69.429,0.2464,4.4888,2.7288,0.2144,122.7356,0.6319,Medium
2026-05-16T21:30:13.227723,0.0,9.4408,8.3468,0.0829,12.2988,3.8313,0.3606,65.8431,0.3802,Low
2026-05-16T21:30:13.229014,0.7986,8.9767,108.2748,0.0159,24.1448,2.365,0.1631,39.674,0.3665,Low
2026-05-16T21:30:13.227630,0.0,9.5697,3.3904,0.0,5.0,3.9768,0.2629,33.2303,0.5167,Low
2026-05-16T21:30:13.228402,1.0657,9.3422,24.963,0.0321,21.9084,1.4513,0.2357,72.8964,0.1,Low
2026-05-16T21:30:13.222927,2.883,2.6413,20,0.2922,5.5385,1.8558,0.3556,20,0.857,Medium
2026-05-16T21:30:13.216999,3.6548,0.2366,125.4697,0.4909,0.2196,1.0264,0.0,469.6456,0.8669,High
2026-05-16T21:30:13.216444,3.7192,0.6051,202.6085,0.2704,1.5485,0.2507,0.0581,294.9762,0.8309,High
2026-05-16T21:30:13.225819,0.2073,13.6713,41.4792,0.0808,15.1342,3.4357,0.2811,0.0,0.5918,Low
2026-05-16T21:30:13.215670,3.5726,0.7053,211.1709,0.4123,3.8147,0.0,0.0706,138.7284,0.8122,High
2026-05-16T21:30:13.224497,1.783,1.2154,218.4471,0.0,7.884,2.4704,0.1019,20,0.6066,Medium
2026-05-16T21:30:13.228478,0.5961,11.7594,63.6976,0.0888,22.6148,1.3328,0.2304,71.8027,0.3438,Low
2026-05-16T21:30:13.221262,1.9958,2.4185,174.3374,0.1415,3.3107,1.5239,0.0548,73.134,0.7315,Medium
2026-05-16T21:30:13.221451,3.1988,2.921,184.4413,0.1369,0.5,2.268,0.0913,90.9779,0.7332,Medium
2026-05-16T21:30:13.216808,2.469,1.4118,237.3594,0.336,0.4879,0.0035,0.0747,307.3318,0.7468,High
2026-05-16T21:30:13.217824,5.7595,0.5859,355.3915,0.4296,3.5753,0.2932,0.1021,319.7911,0.7979,High
2026-05-16T21:30:13.219615,4.4726,0.4003,209.618,0.5261,2.0467,0.4283,0.039,260.8242,0.7762,High
2026-05-16T21:30:13.220083,1.3563,2.6086,147.6739,0.175,4.6787,0.1827,0.0871,167.4276,0.6692,Medium
2026-05-16T21:30:13.222360,2.1706,3.2319,173.4541,0.2379,6.1732,0.4251,0.1654,208.9975,0.528,Medium
2026-05-16T21:30:13.229134,0.2635,2.4603,27.1404,0.0912,17.3048,1.9843,0.3426,30.0768,0.2888,Low
2026-05-16T21:30:13.220442,0.5,3.1559,163.6315,0.1978,4.0287,2.2869,0.1769,98.1698,0.6988,Medium
2026-05-16T21:30:13.222384,2.2559,2.4607,140.5852,0.2401,8.5784,2.2572,0.0413,209.7656,0.8095,Medium
2026-05-16T21:30:13.224394,1.2117,2.7927,160.1865,0.1263,5.3525,2.612,0.1617,68.7193,0.6366,Medium
2026-05-16T21:30:13.218350,3.6576,0.5348,137.7916,0.6624,0.2561,0.2921,0.0284,389.4924,0.8264,High
2026-05-16T21:30:13.221810,3.2216,2.2691,251.7282,0.0394,6.7323,1.0759,0.2232,319.4012,0.558,Medium
2026-05-16T21:30:13.222094,3.7236,3.5965,106.2026,0.0417,4.4925,0.94,0.1162,258.9951,0.5951,Medium
2026-05-16T21:30:13.224371,3.6013,2.9665,244.2358,0.2627,4.7552,3.0907,0.1733,205.8996,0.4968,Medium
2026-05-16T21:30:13.218159,4.207,1.1856,345.1576,0.2159,2.0974,0.7104,0.0411,437.5707,0.838,High
2026-05-16T21:30:13.229544,0.3901,2.0,0.0,0.0514,24.9102,3.4505,0.2668,74.8678,0.2852,Low
2026-05-16T21:30:13.221717,0.8934,4.2496,246.7018,0.0449,6.7243,1.1479,0.1358,183.5379,0.6219,Medium
2026-05-16T21:30:13.218675,4.5124,0.2753,164.7909,0.3542,0.8905,0.4439,0.0517,352.9693,0.8444,High
2026-05-16T21:30:13.226525,0.8379,7.9833,75.3554,0.0,24.1592,5.2426,0.292,48.2974,0.351,Low
2026-05-16T21:30:13.224962,0.0544,8.776,46.3822,0.0813,16.551,3.4897,0.3051,53.3432,0.2509,Low
2026-05-16T21:30:13.227537,1.0241,7.3521,68.1243,0.1154,30.4935,1.6894,0.2246,29.6451,0.4087,Low
2026-05-16T21:30:13.220395,1.8462,1.9043,246.2107,0.0,12.8444,2.2392,0.1334,155.6085,0.6843,Medium
2026-05-16T21:30:13.222949,2.2126,2.7873,146.8141,0.1491,3.5754,1.7307,0.029,220.0463,0.6001,Medium
2026-05-16T21:30:13.220371,3.1216,2.1304,176.397,0.1965,7.8151,1.464,0.0136,260.9537,0.5413,Medium
2026-05-16T21:30:13.216736,6.1268,0.9654,400.1437,0.2839,0.2553,0.0,0.0949,365.4366,0.8456,High
2026-05-16T21:30:13.221787,1.7367,2.5379,197.833,0.1749,7.6824,3.1547,0.0728,49.5164,0.6865,Medium
2026-05-16T21:30:13.225085,0.7133,10.5184,76.5458,0.0923,26.9776,2.6219,0.1928,49.9782,0.462,Low
2026-05-16T21:30:13.222972,1.3699,2.05,238.0004,0.1358,5.8961,0.9883,0.1655,214.8406,0.8718,Medium
2026-05-16T21:30:13.229419,0.3749,10.5737,56.6071,0.0397,28.6569,2.8452,0.1648,17.2309,0.2326,Low
2026-05-16T21:30:13.220828,1.5994,3.1384,126.9967,0.2724,3.6397,1.386,0.1225,79.825,0.7389,Medium
2026-05-16T21:30:13.216489,3.4109,0.5693,310.4313,0.4751,0.5224,0.5298,0.0725,133.0595,0.8935,High
2026-05-16T21:30:13.223188,1.3698,4.9117,256.1476,0.2723,5.1801,1.3515,0.0629,166.1984,0.6809,Medium
2026-05-16T21:30:13.220586,2.2355,0.5,194.4793,0.0513,5.1498,1.6942,0.2016,55.2944,0.3,Medium
2026-05-16T21:30:13.221833,1.9504,3.3596,122.9009,0.1946,5.0635,0.1562,0.1192,104.8218,0.5908,Medium
2026-05-16T21:30:13.224546,2.9962,1.9647,185.805,0.4322,7.0388,1.4663,0.109,131.4661,0.7917,Medium
2026-05-16T21:30:13.226622,1.0698,7.7249,13.3669,0.0899,17.7056,3.9114,0.2208,38.2052,0.4092,Low
2026-05-16T21:30:13.219181,4.496,0.7319,213.7418,0.5045,2.4553,0.5265,0.0943,185.8311,0.8345,High
2026-05-16T21:30:13.229590,0.4239,3.5077,80.8969,0.0379,16.0889,4.9067,0.1258,6.2324,0.2185,Low
2026-05-16T21:30:13.219375,4.4572,0.1539,343.1791,0.2898,0.6897,0.5602,0.0845,198.4178,0.8549,High
2026-05-16T21:30:13.216879,4.471,0.8792,238.4512,0.314,0.9531,0.4902,0.0337,228.7154,0.8585,High
2026-05-16T21:30:13.221764,2.7394,2.9997,183.0402,0.2091,6.8567,1.8376,0.0457,229.5325,0.7565,Medium
2026-05-16T21:30:13.220323,0.5,2.214,227.0672,0.435,1.9261,1.8477,0.0921,151.5241,0.9,Medium
2026-05-16T21:30:13.223934,2.122,2.7314,195.2543,0.1741,2.8176,2.117,0.1633,86.6981,0.8127,Medium
2026-05-16T21:30:13.224321,2.0969,4.4916,91.7557,0.134,4.6324,2.0885,0.1325,56.59,0.5861,Medium
2026-05-16T21:30:13.219158,6.3505,1.6024,414.9203,0.5813,2.5241,0.6778,0.0734,244.8814,0.7845,High
2026-05-16T21:30:13.224180,0.5,2.9582,81.4195,0.0616,0.7816,0.2443,0.0387,103.2783,0.8844,Medium
2026-05-16T21:30:13.226397,0.4963,8.9209,94.4022,0.0363,22.2268,2.3889,0.1654,22.4528,0.2925,Low
2026-05-16T21:30:13.228990,0.2364,6.2777,56.0924,0.0914,16.7403,4.0896,0.2623,36.2714,0.3246,Low
2026-05-16T21:30:13.228846,1.4299,7.949,55.1506,0.0534,14.2913,0.8151,0.1794,0.0,0.5545,Low
2026-05-16T21:30:13.217604,4.9527,1.4262,244.74,0.3167,3.3812,0.0656,0.0,344.0014,0.8098,High
2026-05-16T21:30:13.229326,0.1726,11.2763,23.5628,0.0,25.7931,4.5489,0.5088,4.0082,0.4339,Low
2026-05-16T21:30:13.217076,3.566,0.8783,171.7302,0.4612,0.0,0.8087,0.0642,325.603,0.9286,High
2026-05-16T21:30:13.222313,2.9632,1.1329,209.3722,0.0521,6.3807,1.9379,0.0782,206.5621,0.6813,Medium
2026-05-16T21:30:13.220805,1.4281,0.9462,207.2523,0.2452,2.7449,0.8912,0.1875,64.847,0.8471,Medium
2026-05-16T21:30:13.216202,4.8988,0.5006,374.0922,0.4174,2.6793,0.5203,0.1118,475.5341,0.8301,High
2026-05-16T21:30:13.216832,2.9459,0.6657,383.5217,0.3611,0.0,0.4263,0.0418,50,0.8457,High
2026-05-16T21:30:13.219879,4.2047,0.4627,423.6754,0.3736,1.6232,0.6654,0.0513,469.5051,0.8002,High
2026-05-16T21:30:13.224107,3.4138,0.9543,261.2887,0.2689,8.499,0.5605,0.0381,148.0825,0.7103,Medium
2026-05-16T21:30:13.222410,2.8868,3.591,290.8589,0.3228,5.6233,2.2316,0.1287,161.9122,0.6078,Medium
2026-05-16T21:30:13.217052,4.8694,0.1159,142.1452,0.5115,1.6709,0.4448,0.0506,334.7582,0.8068,High
2026-05-16T21:30:13.224523,2.4358,1.4894,113.9347,0.3836,6.6623,0.8528,0.0241,133.8386,0.6244,Medium
2026-05-16T21:30:13.218182,4.6507,0.7308,251.2463,0.2356,0.0599,0.9784,0.0246,200.8608,0.6777,High
2026-05-16T21:30:13.228452,0.4177,8.2485,18.1548,0.1199,28.3205,2.1123,0.1165,28.4298,0.4021,Low
2026-05-16T21:30:13.226551,0.0,12.0667,21.6743,0.0702,7.4957,1.5846,0.3935,29.5809,0.5244,Low
2026-05-16T21:30:13.216155,2.4442,1.3415,240.8368,0.5857,0.0,0.3202,0.0502,304.6981,0.814,High
2026-05-16T21:30:13.221694,3.0646,1.4803,148.3513,0.1791,5.5633,1.2413,0.1121,226.0838,0.5976,Medium
2026-05-16T21:30:13.223667,2.4034,2.084,83.7978,0.273,1.7072,2.0432,0.0599,99.8052,0.474,Medium
2026-05-16T21:30:13.224031,1.4742,3.6008,224.296,0.2638,5.9042,2.7328,0.12,65.4501,0.7039,Medium
2026-05-16T21:30:13.217504,5.1087,1.2267,343.5436,0.6073,2.1487,0.4499,0.0544,420.6509,0.7846,High
2026-05-16T21:30:13.224570,1.8727,2.5452,153.5839,0.1398,1.5688,1.7261,0.1163,200.0192,0.586,Medium
2026-05-16T21:30:13.217387,4.847,1.7821,198.9808,0.3204,0.8769,0.3334,0.0309,418.9017,0.9636,High
2026-05-16T21:30:13.229520,0.1794,6.9584,63.1241,0.0078,23.4225,0.9577,0.1939,30.1153,0.551,Low
2026-05-16T21:30:13.223474,3.5417,3.0835,140.9338,0.2696,3.2328,2.0989,0.219,245.6488,0.5624,Medium
2026-05-16T21:30:13.220473,1.5283,1.1204,106.1298,0.3035,7.3828,1.8592,0.1635,201.2943,0.573,Medium
2026-05-16T21:30:13.218985,5.4789,1.1442,203.3538,0.3749,1.7826,0.4254,0.0982,349.0975,0.9088,High
2026-05-16T21:30:13.229111,0.9162,2.1349,28.9318,0.0586,12.6562,5.0774,0.1865,38.7612,0.4167,Low
2026-05-16T21:30:13.223568,0.7688,3.9949,152.8928,0.2532,7.3789,0.7852,0.1484,138.5887,0.7516,Medium
2026-05-16T21:30:13.229445,0.391,11.7012,15.8471,0.0575,14.7465,2.6876,0.099,33.3839,0.3268,Low
2026-05-16T21:30:13.219082,4.9736,0.3216,285.5682,0.5795,0.8902,0.4598,0.0504,221.5102,0.9019,High
2026-05-16T21:30:13.215103,5.7372,1.1725,182.8626,0.3536,1.8313,0.7927,0.0356,281.4341,0.7615,High
2026-05-16T21:30:13.222024,0.5,2.5034,172.9475,0.3109,2.4653,1.56,0.0645,180.4307,0.5426,Medium
2026-05-16T21:30:13.226275,0.5009,11.2111,78.1568,0.0456,16.8941,2.9329,0.2838,66.7391,0.3505,Low
2026-05-16T21:30:13.220610,2.6838,4.3005,236.7262,0.2252,3.7709,2.065,0.0616,198.1086,0.7107,Medium
2026-05-16T21:30:13.225552,0.1843,7.9789,33.5317,0.0351,14.1723,3.3834,0.4154,44.1966,0.4695,Low
2026-05-16T21:30:13.229495,0.6902,2.7593,23.8372,0.0398,22.0494,4.432,0.1728,25.0611,0.2885,Low
2026-05-16T21:30:13.220059,3.9109,2.4014,151.3195,0.285,5.583,2.1672,0.1372,111.005,0.6934,Medium
2026-05-16T21:30:13.229061,0.2986,7.5482,17.0164,0.0049,22.4792,1.4717,0.2085,10.1448,0.416,Low
2026-05-16T21:30:13.215744,5.5389,0.3199,223.2399,0.3288,0.8467,1.0296,0.0621,173.9116,0.9234,High
2026-05-16T21:30:13.227676,0.7494,10.1103,104.6479,0.0374,12.4718,3.2953,0.1698,84.4588,0.316,Low
2026-05-16T21:30:13.220926,2.6733,2.744,134.3758,0.3788,0.9977,0.9201,0.1138,28.5449,0.6289,Medium
2026-05-16T21:30:13.220562,1.6829,3.1592,215.6299,0.0071,3.0932,0.9616,0.0636,226.358,0.6267,Medium
2026-05-16T21:30:13.217411,3.8151,0.4671,287.7132,0.3172,2.1329,0.5609,0.0045,454.7505,0.9937,High
2026-05-16T21:30:13.215818,6.2295,0.2257,343.0531,0.4015,0.5185,0.6386,0.056,239.9783,0.8556,High
2026-05-16T21:30:13.215866,4.8372,0.5509,233.3502,0.326,0.9106,0.7549,0.0607,230.709,0.922,High
2026-05-16T21:30:13.225625,0.5572,10.5488,60.7857,0.0733,13.6005,0.7104,0.2107,70.049,0.5172,Low
2026-05-16T21:30:13.217263,3.8807,0.8384,213.018,0.3348,1.1908,0.5666,0.0356,425.5756,0.7784,High
2026-05-16T21:30:13.228675,0.4256,3.2018,108.3126,0.0006,11.7443,2.4717,0.3788,40.4353,0.2017,Low
2026-05-16T21:30:13.217628,3.2745,1.0833,269.5041,0.3154,0.2197,0.7617,0.0695,290.0824,0.9977,High
2026-05-16T21:30:13.218582,4.7305,0.6764,260.6833,0.3771,2.2081,0.787,0.0264,166.8767,0.7031,High
2026-05-16T21:30:13.220684,1.8419,2.1963,55.789,0.1017,3.8094,2.1121,0.1358,175.4872,0.7521,Medium
2026-05-16T21:30:13.221215,2.3725,4.0112,48.4177,0.1985,1.869,1.7545,0.1732,126.3391,0.3375,Medium
2026-05-16T21:30:13.221954,1.3691,2.9736,85.1533,0.2667,2.7033,1.2078,0.1023,238.0653,0.7602,Medium
2026-05-16T21:30:13.215694,5.8067,0.8257,163.7804,0.2927,2.1796,0.2809,0.0565,304.5572,0.7979,High
2026-05-16T21:30:13.217870,4.5456,0.848,299.0814,0.2466,1.2426,0.0,0.062,364.7196,0.8113,High
2026-05-16T21:31:42.703635,0.0,1.0,0.0,0.0,0.029,0.0,0.0,0.0,1.0,Medium
2026-05-16T21:31:47.693729,0.0,5.0008,2381.6913,0.2,0.0058,0.0,0.0,690.5873,0.0004,High
2026-05-16T21:31:52.732459,0.0,5.0072,6670.7159,0.0,4.1732,0.0,0.0,326.4656,0.0001,High
2026-05-16T21:31:57.737143,0.0,5.0088,0.0,0.0,9.182,0.0,0.0,0.0,1.0,Medium
2026-05-16T21:32:02.707335,0.0,5.0004,539.4025,0.2,2.2174,0.0,0.0,68.259,0.0021,Medium
2026-05-16T21:32:07.707522,0.0,5.0004,2197.5324,0.0,1.2019,0.0,0.0,97.0453,0.0006,High
2026-05-16T21:32:12.739857,0.0,5.0073,663.2926,0.1997,3.3365,0.0,0.0,89.5147,0.0015,Medium
2026-05-16T21:32:17.715698,0.0,5.0007,0.0,0.0,8.3372,0.0,0.0,0.0,1.0,Medium
2026-05-16T21:32:22.715852,0.0,5.0003,0.0,0.0,13.3375,0.0,0.0,0.0,1.0,Low
2026-05-16T21:32:27.716252,0.0,5.0004,0.0,0.0,18.3379,0.0,0.0,0.0,1.0,Low
2026-05-16T21:32:32.758089,0.0,5.0208,207.5337,0.1992,0.3958,0.0,0.0,324.6231,0.0044,Medium
2026-05-16T21:32:37.796974,0.0,5.0099,0.0,0.0,5.4057,0.0,0.0,0.0,1.0,Medium
2026-05-16T21:32:42.747474,0.0,5.0005,0.0,0.0,10.4062,0.0,0.0,0.0,1.0,Medium
2026-05-16T21:32:47.747826,0.0,5.0004,0.0,0.0,15.4066,0.0,0.0,0.0,1.0,Low
2026-05-16T21:32:52.748380,0.0,5.0005,0.0,0.0,20.4071,0.0,0.0,0.0,1.0,Low
2026-05-16T21:32:57.748882,0.0,5.0006,0.0,0.0,25.4077,0.0,0.0,0.0,1.0,Low
2026-05-16T21:33:02.791650,0.0,5.0044,0.0,0.0,30.4121,0.0,0.0,0.0,1.0,Low
2026-05-16T21:33:07.754807,0.0,5.0007,1227.0654,0.3999,0.0057,0.0,0.0,644.378,0.0009,Medium
2026-05-16T21:33:12.775931,0.0,5.0082,1862.9755,0.1997,0.3071,0.0,0.0,279.1433,0.0002,High
2026-05-16T21:51:25.424222,0.0,1.0,0.0,0.0,0.0496,0.0,0.0,0.0,1.0,Medium
2026-05-16T21:51:30.409878,0.0,5.0004,853.3067,0.2,0.0028,0.0,0.0,191.2792,0.001,Medium
2026-05-16T21:51:35.411258,0.0,5.0007,594.5465,0.2,0.0059,0.0,0.0,134.4567,0.0022,Medium
2026-05-16T21:51:40.444360,0.0,5.0137,973.1551,0.3989,1.6869,0.0,0.0,231.3512,0.0009,Medium
2026-05-16T21:51:45.424388,0.0,5.0004,0.0,0.0,6.6873,0.0,0.0,0.0,1.0,Medium
2026-05-16T21:51:50.424416,0.0,5.0004,0.0,0.0,11.6877,0.0,0.0,0.0,1.0,Medium
2026-05-16T21:51:55.425338,0.0,5.0003,621.9849,0.2,2.1833,0.0,0.0,114.0739,0.0007,Medium
2026-05-16T21:52:00.450415,0.0,5.0088,0.0,0.0,7.1921,0.0,0.0,0.0,1.0,Medium
2026-05-16T21:52:05.435262,0.0,5.0003,0.0,0.0,12.1924,0.0,0.0,0.0,1.0,Medium
2026-05-16T21:52:10.435994,0.0,5.0002,0.0,0.0,17.1926,0.0,0.0,0.0,1.0,Low
2026-05-16T21:52:15.460373,0.0,5.0076,922.0225,0.0,0.0001,0.0,0.0,252.4973,0.0015,Medium
2026-05-16T21:52:20.442376,0.0,5.0002,218.5308,0.2,0.0936,0.0,0.0,313.3813,0.0064,Medium
2026-05-16T21:52:25.444697,0.0,5.0007,153.74,0.0,1.8899,0.0,0.0,70.0275,0.006,Medium
2026-05-16T21:52:30.443663,0.0,5.0005,367.063,0.0,3.9962,0.0,0.0,14.1305,0.0051,Low
2026-05-16T21:52:35.491741,0.0,5.0013,562.1303,0.0,0.0063,0.0,0.0,398.7237,0.0008,Medium
2026-05-16T21:52:40.446500,0.0,5.0001,464.6369,0.2,1.4974,0.0,0.0,112.3312,0.001,Medium
2026-05-16T21:52:45.444957,0.0,5.0002,0.0,0.0,6.4976,0.0,0.0,0.0,1.0,Medium
2026-05-16T21:52:50.478221,0.0,5.01,780.6963,0.0,0.1138,0.0,0.0,81.3273,0.0009,Medium
2026-05-16T21:52:55.456331,0.0,5.0005,1090.4809,0.2,0.0312,0.0,0.0,162.3468,0.0008,Medium
2026-05-16T21:53:00.457909,0.0,5.0006,3016.4142,0.0,4.5312,0.0,0.0,44.9325,0.0001,High
2026-05-16T21:53:05.456123,0.0,5.0002,1284.6018,0.0,0.0016,0.0,0.0,84.0312,0.0011,Medium
2026-05-16T21:53:10.486572,0.0,5.0014,1910.485,0.1999,0.1587,0.0,0.0,284.5608,0.0003,High
2026-05-16T21:53:15.458071,0.0,5.0003,298.7717,0.0,0.0049,0.0,0.0,151.3114,0.0018,Medium
2026-05-16T21:53:20.458232,0.0,5.0002,1984.6532,0.2,0.0016,0.0,0.0,444.7596,0.0001,High
2026-05-16T21:53:25.459307,0.0,5.001,0.0,0.0,0.0187,0.0,0.0,0.0,1.0,Medium
2026-05-16T21:53:30.492268,0.0,5.0037,114.2194,0.0,0.3065,0.0,0.0,399.8955,0.0074,Medium
2026-05-16T21:53:35.463037,0.0,5.0002,581.2946,0.4,0.4432,0.0,0.0,115.6848,0.003,Medium
2026-05-16T21:53:40.463145,0.0,5.0001,1555.9073,0.2,0.4673,0.0,0.0,227.7632,0.0004,High
2026-05-16T21:53:45.463721,0.0,5.0005,156.4801,0.0,0.0028,0.0,0.0,282.928,0.0054,Medium
2026-05-16T21:53:50.490931,0.0,5.002,418.2342,0.3998,0.0001,0.0,0.0,258.0712,0.0016,Medium
2026-05-16T21:53:55.466188,0.0,5.0006,1688.0064,0.2,0.0586,0.0,0.0,426.7496,0.0004,High
2026-05-16T21:54:00.467206,0.0,5.0001,1789.7906,0.6,0.0034,0.0,0.0,362.6645,0.0001,High
2026-05-16T21:54:05.466685,0.0,5.0002,831.4049,0.0,0.4684,0.0,0.0,447.8045,0.0009,Medium
